Empresa;Código;Índices dos quais participa;
3TENTOS;ON   NM;TTEN3;AGFS,IBRA,ICON,IGCT,IGCX,IGNM,ITAG,SMLL
ABBVIE;DRN;ABBV34;BDRX
ABC BRASIL;PN   N2;ABCB4;IBRA,IDIV,IFNC,IGCT,IGCX,ITAG,SMLL
ADOBE INC;DRN;ADBE34;BDRX
ADVANCE AUTO;DRN;A1AP34;BDRX
ADVANCED MIC;DRN;A1MD34;BDRX
AERIS;ON   NM;AERI3;GPTW,IBRA,IDVR,IGCT,IGCX,IGNM,ISEE,ITAG,SMLL
AIRBNB;DRN;AIRB34;BDRX
ALBEMARLE CO;DRN;A1LB34;BDRX
ALIBABAGR;DRN;BABA34;BDRX
ALLIAR;ON   NM;AALR3;IGCX,IGNM,ITAG
ALLIED;ON   NM;ALLD3;IGCX,IGNM,ITAG
ALLOS;ON   NM;ALOS3;IBBR,IBEP,IBHB,IBLV,IBOV,IBRA,IBXL,IBXX,ICO2,IDVR,IGCT,IGCX,IGNM,IMOB,ISEE,ITAG,IVBX,SMLL
ALPARGATAS;ON   N1;ALPA3;IGCX
ALPARGATAS;PN   N1;ALPA4;IBBR,IBEP,IBHB,IBOV,IBRA,IBXX,ICON,IGCT,IGCX,INDX,SMLL
ALPHABET;DRN;GOGL34;BDRX
ALPHABET;DRN;GOGL35;BDRX
ALPHAVILLE;ON   NM;AVLL3;IGCX,IGNM,ITAG
ALUPAR;UNT  N2;ALUP11;IBRA,IEEX,IGCT,IGCX,ITAG,SMLL,UTIL
AMAZON;DRN;AMZO34;BDRX
AMBEV S/A;ON;ABEV3;AGFS,GPTW,IBBR,IBEP,IBLV,IBOV,IBRA,IBXL,IBXX,ICO2,ICON,IDVR,INDX,ISEE,MLCX
AMBIPAR;ON   NM;AMBP3;IBRA,IBXX,ICO2,IDVR,IGCT,IGCX,IGNM,ISEE,ITAG,SMLL,UTIL
AMERICAN AIR;DRN;AALL34;BDRX
AMERICAN EXP;DRN;AXPB34;BDRX
AMERICAN TOW;DRN;T1OW34;BDRX
ANIMA;ON   NM;ANIM3;IBRA,ICON,IDVR,IGCT,IGCX,IGNM,ITAG,SMLL
APPLE;DRN;AAPL34;BDRX
APPLIED MATE;DRN;A1MT34;BDRX
ARCELOR;DRN;ARMT34;BDRX
ARISTA NETWO;DRN;A1NE34;BDRX
ARMAC;ON   NM;ARML3;AGFS,IBRA,IGCT,IGCX,IGNM,INDX,ITAG,SMLL
ASML HOLD;DRN;ASML34;BDRX
ASSAI;ON   NM;ASAI3;AGFS,GPTW,IBBR,IBEP,IBOV,IBRA,IBXL,IBXX,ICO2,ICON,IDVR,IGCT,IGCX,IGNM,ISEE,ITAG,IVBX,SMLL
ASTRAZENECA;DRN;A1ZN34;BDRX
ATT INC;DRN;ATTB34;BDRX
AUREN;ON   NM;AURE3;IBBR,IBEP,IBLV,IBOV,IBRA,IBXX,ICO2,IDIV,IEEX,IGCT,IGCX,IGNM,ISEE,ITAG,SMLL,UTIL
AZEVEDO;PN;AZEV4;IBRA,SMLL
AZUL;PN   N2;AZUL4;IBBR,IBEP,IBHB,IBOV,IBRA,IBXL,IBXX,ICO2,IDVR,IGCT,IGCX,ISEE,ITAG,IVBX,SMLL
AZZAS 2154;ON   NM;AZZA3;IBBR,IBEP,IBOV,IBRA,IBXL,IBXX,ICO2,ICON,IGCT,IGCX,IGNM,ISEE,ITAG,IVBX,SMLL
B3;ON   NM;B3SA3;GPTW,IBBR,IBEP,IBHB,IBOV,IBRA,IBXL,IBXX,ICO2,IDVR,IFNC,IGCT,IGCX,IGNM,ISEE,ITAG,MLCX
BAHEMA;ON   MA;BAHI3;ITAG
BAIDU INC;DRN;BIDU34;BDRX
BANCO BMG;PN   N1;BMGB4;IGCX,ITAG
BANCO PAN;PN   N1;BPAN4;GPTW,IBRA,IDVR,IFNC,IGCT,IGCX,ISEE,ITAG,SMLL
BANCO SANTAN;DRN;B1SA34;BDRX
BANCOLOMBIA;DRN;C2OL34;BDRX
BANESE;ON;BGIP3;ITAG
BANESE;PN;BGIP4;ITAG
BANESTES;ON;BEES3;ITAG
BANESTES;PN;BEES4;ITAG
BANK AMERICA;DRN;BOAC34;BDRX
BANRISUL;ON   N1;BRSR3;IGCX,ITAG
BANRISUL;PNB  N1;BRSR6;IBRA,IDIV,IFNC,IGCT,IGCX,ITAG,SMLL
BBSEGURIDADE;ON   NM;BBSE3;IBBR,IBEE,IBLV,IBOV,IBRA,IBSD,IBXL,IBXX,IDIV,IDVR,IFNC,IGCT,IGCX,IGNM,ITAG,IVBX,MLCX
BEMOBI TECH;ON   NM;BMOB3;GPTW,IBRA,IGCT,IGCX,IGNM,ITAG,SMLL
BERKSHIRE;DRN;BERK34;BDRX
BEYOND MEAT;DRN;B2YN34;BDRX
BILIBILI INC;DRN;B1IL34;BDRX
BILL HOLD;DRN;B2HI34;BDRX
BIOMM;ON   MA;BIOM3;ITAG
BIONTECH SE;DRN;B1NT34;BDRX
BLACKROCK;DRN;BLAK34;BDRX
BLAU;ON   NM;BLAU3;IBRA,ICON,IDVR,IGCT,IGCX,IGNM,ITAG,SMLL
BLOCK INC.;DRN;S2QU34;BDRX
BOA SAFRA;ON   NM;SOJA3;AGFS,IBRA,ICON,IDVR,IGCT,IGCX,IGNM,ITAG,SMLL
BOOKING;DRN;BKNG34;BDRX
BP PLC;DRN;B1PP34;BDRX
BR PARTNERS;UNT  N2;BRBI11;IGCX
BRADESCO;ON   N1;BBDC3;IBBR,IBEP,IBOV,IBRA,IBXX,ICO2,IDIV,IDVR,IFNC,IGCT,IGCX,ITAG,MLCX
BRADESCO;PN   N1;BBDC4;GPTW,IBBR,IBEP,IBOV,IBRA,IBSD,IBXL,IBXX,ICO2,IDIV,IDVR,IFNC,IGCT,IGCX,ISEE,ITAG,MLCX
BRADESPAR;ON   N1;BRAP3;IGCX,ITAG
BRADESPAR;PN   N1;BRAP4;IBBR,IBEP,IBLV,IBOV,IBRA,IBSD,IBXX,IDIV,IGCT,IGCX,IMAT,ITAG,SMLL
BRASIL;ON   NM;BBAS3;IBBR,IBEE,IBLV,IBOV,IBRA,IBSD,IBXL,IBXX,ICO2,IDIV,IDVR,IFNC,IGCT,IGCX,IGNM,ISEE,ITAG,MLCX
BRASILAGRO;ON   NM;AGRO3;AGFS,IBRA,ICON,IDIV,IDVR,IGCT,IGCX,IGNM,ITAG,SMLL
BRASKEM;ON   N1;BRKM3;IGCX,ITAG
BRASKEM;PNA  N1;BRKM5;IBBR,IBEP,IBOV,IBRA,IBXX,ICO2,IGCT,IGCX,IMAT,INDX,ITAG,IVBX,SMLL
BRAVA;ON   NM;BRAV3;GPTW,IBBR,IBEP,IBOV,IBRA,IBXL,IBXX,IGCT,IGCX,IGNM,ITAG,IVBX,SMLL
BRF SA;ON   NM;BRFS3;AGFS,IBBR,IBEP,IBHB,IBOV,IBRA,IBXL,IBXX,ICO2,ICON,IGCT,IGCX,IGNM,INDX,ISEE,ITAG,IVBX,MLCX
BRISANET;ON   NM;BRIT3;IGCX,IGNM,ITAG
BRITISH AMER;DRN;B1TI34;BDRX
BROADCOM INC;DRN;AVGO34;BDRX
BTGP BANCO;UNT  N2;BPAC11;IBBR,IBEP,IBHB,IBOV,IBRA,IBXL,IBXX,ICO2,IFNC,IGCT,IGCX,ISEE,ITAG,MLCX
CAIXA SEGURI;ON   NM;CXSE3;GPTW,IBBR,IBEE,IBLV,IBOV,IBRA,IBSD,IBXX,IDIV,IFNC,IGCT,IGCX,IGNM,ITAG,MLCX
CAMIL;ON   NM;CAML3;AGFS,IBRA,ICON,IGCT,IGCX,IGNM,INDX,ISEE,ITAG,SMLL
CARREFOUR BR;ON   NM;CRFB3;AGFS,IBBR,IBEP,IBOV,IBRA,IBXX,ICO2,ICON,IGCT,IGCX,IGNM,ISEE,ITAG,IVBX,MLCX
CARTESIA FII;CI;CACR11;IFIL,IFIX
CASAS BAHIA;ON   NM;BHIA3;GPTW,IBRA,ICO2,ICON,IGCT,IGCX,IGNM,ISEE,ITAG,SMLL
CATERPILLAR;DRN;CATP34;BDRX
CBA;ON   NM;CBAV3;IBRA,IDVR,IGCT,IGCX,IGNM,IMAT,ISEE,ITAG,SMLL
CCR SA;ON   NM;CCRO3;GPTW,IBBR,IBEP,IBLV,IBOV,IBRA,IBXX,ICO2,IDVR,IGCT,IGCX,IGNM,ISEE,ITAG,IVBX,MLCX
CEA MODAS;ON   NM;CEAB3;GPTW,IBRA,ICON,IDVR,IGCT,IGCX,IGNM,ISEE,ITAG,SMLL
CEDRO;PN   N1;CEDO4;IGCX,ITAG
CELESC;ON   N2;CLSC3;ITAG
CELESC;PN   N2;CLSC4;IGCX,ITAG
CEMIG;ON   N1;CMIG3;IBRA,IDIV,IDVR,IGCT,IGCX,MLCX,UTIL
CEMIG;PN   N1;CMIG4;IBBR,IBEE,IBOV,IBRA,IBSD,IBXL,IBXX,ICO2,IDIV,IDVR,IEEX,IGCT,IGCX,ISEE,IVBX,MLCX,UTIL
CHARTER COMM;DRN;CHCM34;BDRX
CHEVRON;DRN;CHVX34;BDRX
CISCO;DRN;CSCO34;BDRX
CITIGROUP;DRN;CTGP34;BDRX
CLEARSALE;ON   NM;CLSA3;GPTW,IBRA,IDVR,IFNC,IGCT,IGCX,IGNM,ITAG,SMLL
COCA COLA;DRN;COCA34;BDRX
COELCE;PNA;COCE5;IEEX
COGNA ON;ON   NM;COGN3;IBBR,IBEP,IBHB,IBOV,IBRA,IBXX,ICO2,ICON,IGCT,IGCX,IGNM,ISEE,ITAG,IVBX,SMLL
COINBASEGLOB;DRN;C2OI34;BDRX
COLGATE;DRN;COLG34;BDRX
COMCAST;DRN;CMCS34;BDRX
COPASA;ON   NM;CSMG3;IBRA,IBXX,IDIV,IGCT,IGCX,IGNM,ISEE,ITAG,SMLL,UTIL
COPEL;ON   N2;CPLE3;IBRA,IBXX,ICO2,IDVR,IGCT,IGCX,ITAG,MLCX,UTIL
COPEL;PNA  N2;CPLE5;ITAG
COPEL;PNB  N2;CPLE6;IBBR,IBEP,IBLV,IBOV,IBRA,IBSD,IBXL,IBXX,ICO2,IDVR,IEEX,IGCT,IGCX,ISEE,ITAG,IVBX,MLCX,UTIL
COPHILLIPS;DRN;COPH34;BDRX
COSAN;ON   NM;CSAN3;AGFS,IBBR,IBEP,IBHB,IBOV,IBRA,IBXL,IBXX,ICO2,IDVR,IGCT,IGCX,IGNM,ISEE,ITAG,IVBX,MLCX
COSTCO;DRN;COWC34;BDRX
CPFL ENERGIA;ON   NM;CPFE3;IBBR,IBEP,IBLV,IBOV,IBRA,IBSD,IBXX,ICO2,IDIV,IDVR,IEEX,IGCT,IGCX,IGNM,ISEE,ITAG,MLCX,UTIL
CROWDSTRIKE;DRN;C2RW34;BDRX
CRUZEIRO EDU;ON   NM;CSED3;IGCX,IGNM,ITAG
CSNMINERACAO;ON   N2;CMIN3;IBBR,IBEP,IBOV,IBRA,IBSD,IBXX,ICO2,IDIV,IGCT,IGCX,IMAT,ITAG,MLCX
CSU DIGITAL;ON   NM;CSUD3;IGCX,IGNM,ITAG
CSX CORP;DRN;CSXC34;BDRX
CURY S/A;ON   NM;CURY3;IBRA,IBXX,ICON,IDIV,IGCT,IGCX,IGNM,IMOB,INDX,ITAG,SMLL
CVC BRASIL;ON   NM;CVCB3;IBBR,IBEP,IBHB,IBOV,IBRA,IBXX,ICON,IGCT,IGCX,IGNM,ITAG,SMLL
CYRELA REALT;ON   NM;CYRE3;IBBR,IBEP,IBHB,IBOV,IBRA,IBXL,IBXX,ICON,IDVR,IGCT,IGCX,IGNM,IMOB,INDX,ISEE,ITAG,IVBX,SMLL
D1000VFARMA;ON   NM;DMVF3;IGCX,IGNM,ITAG
DANAHER CORP;DRN;DHER34;BDRX
DASA;ON   NM;DASA3;GPTW,IBRA,ICON,IDVR,IGCT,IGCX,IGNM,ISEE,ITAG,SMLL
DEERE CO;DRN;DEEC34;BDRX
DELL TECHNOL;DRN;D1EL34;BDRX
DESKTOP;ON   NM;DESK3;IGCX,IGNM,ITAG
DEXCO;ON   NM;DXCO3;AGFS,IBRA,IBXX,ICO2,IDVR,IGCT,IGCX,IGNM,IMAT,INDX,ISEE,ITAG,SMLL
DEXXOS PAR;ON   N1;DEXP3;IGCX
DEXXOS PAR;PN   N1;DEXP4;IGCX
DIAGEO PL;DRN;DEOP34;BDRX
DIMED;ON   NM;PNVL3;IBRA,ICON,IGCT,IGCX,IGNM,ITAG,SMLL
DIRECIONAL;ON   NM;DIRR3;IBRA,IBXX,ICON,IDIV,IDVR,IGCT,IGCX,IGNM,IMOB,INDX,ITAG,SMLL
DOLLAR GENER;DRN;DGCO34;BDRX
DOTZ SA;ON   NM;DOTZ3;IGCX,IGNM,ITAG
ECOPETROL SA;DRN;E1CO34;BDRX
ECORODOVIAS;ON   NM;ECOR3;IBRA,IBXX,ICO2,IDVR,IGCT,IGCX,IGNM,ISEE,ITAG,SMLL
ELETROBRAS;ON   N1;ELET3;IBBR,IBEP,IBOV,IBRA,IBXL,IBXX,ICO2,IDVR,IEEX,IGCT,IGCX,ISEE,IVBX,MLCX,UTIL
ELETROBRAS;PNB  N1;ELET6;IBBR,IBEP,IBOV,IBRA,IBXX,ICO2,IDVR,IGCT,IGCX,MLCX,UTIL
ELETROMIDIA;ON   NM;ELMD3;IGCX,IGNM,ITAG
EMBRAER;ON   NM;EMBR3;GPTW,IBBR,IBEP,IBOV,IBRA,IBXL,IBXX,ICO2,IGCT,IGCX,IGNM,INDX,ITAG,IVBX,MLCX
ENERGISA;UNT  N2;ENGI11;IBBR,IBEP,IBLV,IBOV,IBRA,IBXL,IBXX,ICO2,IDVR,IEEX,IGCT,IGCX,ITAG,IVBX,MLCX,UTIL
ENEVA;ON   NM;ENEV3;IBBR,IBEP,IBLV,IBOV,IBRA,IBXX,ICO2,IEEX,IGCT,IGCX,IGNM,ISEE,ITAG,IVBX,MLCX,UTIL
ENGIE BRASIL;ON   NM;EGIE3;IBBR,IBEP,IBLV,IBOV,IBRA,IBSD,IBXX,ICO2,IDIV,IDVR,IEEX,IGCT,IGCX,IGNM,ISEE,ITAG,MLCX,UTIL
ENJOEI;ON   NM;ENJU3;IGCX,IGNM,ITAG
EQUATORIAL;ON   NM;EQTL3;GPTW,IBBR,IBEP,IBLV,IBOV,IBRA,IBXL,IBXX,IEEX,IGCT,IGCX,IGNM,ITAG,IVBX,MLCX,UTIL
EQUINIX INC;DRN;EQIX34;BDRX
EQUINOR ASA;DRN;E1QN34;BDRX
ESPACOLASER;ON   NM;ESPA3;IGCX,IGNM,ITAG
ESTAPAR;ON   NM;ALPK3;IGCX,IGNM,ITAG
ETERNIT;ON   NM;ETER3;IGCX,IGNM,ITAG
EUCATEX;ON   N1;EUCA3;IGCX
EUCATEX;PN   N1;EUCA4;IGCX
EVEN;ON   NM;EVEN3;IBRA,ICON,IGCT,IGCX,IGNM,IMOB,ITAG,SMLL
EXXON MOBIL;DRN;EXXO34;BDRX
EZTEC;ON   NM;EZTC3;IBBR,IBEP,IBHB,IBOV,IBRA,IBXX,ICO2,ICON,IGCT,IGCX,IGNM,IMOB,INDX,ITAG,SMLL
FER HERINGER;ON   NM;FHER3;IGCX,IGNM,ITAG
FERBASA;ON   N1;FESA3;IGCX
FERBASA;PN   N1;FESA4;IBRA,IDIV,IDVR,IGCT,IGCX,IMAT,SMLL
FII ABSOLUTO;CI;BPFF11;IFIX
FII AFHI CRI;CI;AFHI11;IFIL,IFIX
FII AJ MALLS;CI;AJFI11;IFIX
FII ALIANZA;CI;ALZR11;IFIL,IFIX
FII ARCTIUM;CI;RZAT11;IFIX
FII ATHENA I;CI;FATN11;IFIX
FII ATRIO;CI;ARRI11;IFIX
FII AUTONOMY;CI;AIEC11;IFIX
FII BARIGUI;CI;BARI11;IFIX
FII BC FUND;CI;BRCR11;IFIL,IFIX
FII BCIA;CI;BCIA11;IFIX
FII BEES CRI;CI;BCRI11;IFIX
FII BLUE LOG;CI;BLMG11;IFIX
FII BRESCO;CI;BRCO11;IFIL,IFIX
FII BROF;CI;BROF11;IFIX
FII BTG AGRO;CI;BTAL11;IFIX
FII BTG CRI;CI;BTCI11;IFIL,IFIX
FII BTG SHOP;CI;BPML11;IFIX
FII BTG TAGR;CI;BTRA11;IFIX
FII BTLG;CI;BTLG11;IFIL,IFIX
FII CAPI SEC;CI;CPTS11;IFIL,IFIX
FII CLAVE IN;CI;CLIN11;IFIL,IFIX
FII CPSH;CI;CPSH11;IFIX
FII CYRELA;CI;CYCR11;IFIX
FII DEVANT;CI;DEVA11;IFIL,IFIX
FII FATOR VE;CI;VRTA11;IFIL,IFIX
FII G TOWERS;CI;GTWR11;IFIL,IFIX
FII GAZIT;CI;GZIT11;IFIX
FII GGRCOVEP;CI;GGRC11;IFIL,IFIX
FII GUARDIAN;CI;GARE11;IFIL,IFIX
FII HABIT II;CI;HABT11;IFIL,IFIX
FII HECTARE;CI;HCTR11;IFIL,IFIX
FII HEDGEBS;CI;HGBS11;IFIL,IFIX
FII HGCR PAX;CI;HGCR11;IFIL,IFIX
FII HGFF PAX;CI;HGFF11;IFIX
FII HGLG PAX;CI;HGLG11;IFIL,IFIX
FII HGPO PAX;CI;HGPO11;IFIX
FII HGRE PAX;CI;HGRE11;IFIL,IFIX
FII HGRU PAX;CI;HGRU11;IFIL,IFIX
FII HOTEL MX;CI;HTMX11;IFIL,IFIX
FII HSI CRI;CI;HSAF11;IFIX
FII HSI LOG;CI;HSLG11;IFIX
FII HSI MALL;CI;HSML11;IFIL,IFIX
FII HTOPFOF3;CI;HFOF11;IFIL,IFIX
FII INTER LG;CI;INLG11;IFIX
FII IRIDIUM;CI;IRDM11;IFIL,IFIX
FII JS A FIN;CI;JSAF11;IFIL,IFIX
FII JS REAL;CI;JSRE11;IFIL,IFIX
FII KILIMA;CI;KISU11;IFIL,IFIX
FII KINEA;CI;KNRI11;IFIL,IFIX
FII KINEA CR;CI;KCRE11;IFIX
FII KINEA HF;CI;KNHF11;IFIL,IFIX
FII KINEA HY;CI;KNHY11;IFIL,IFIX
FII KINEA IP;CI;KNIP11;IFIL,IFIX
FII KINEA RI;CI;KNCR11;IFIL,IFIX
FII KINEA SC;CI;KNSC11;IFIL,IFIX
FII KINEA UN;CI;KNUQ11;IFIX
FII KINEAFOF;CI;KFOF11;IFIL,IFIX
FII KIVO;CI;KIVO11;IFIX
FII KORE;CI;KORE11;IFIL,IFIX
FII MALLS BP;CI;MALL11;IFIL,IFIX
FII MANATI;CI;MANA11;IFIX
FII MAUA;CI;MCCI11;IFIL,IFIX
FII MAUA RE;CI;MCRE11;IFIL,IFIX
FII MAXI REN;CI;MXRF11;IFIL,IFIX
FII MERITO I;CI;MFII11;IFIX
FII OURI JPP;CI;OUJP11;IFIX
FII PATLOGIS;CI;PATL11;IFIX
FII POLO CRI;CI;PORD11;IFIX
FII RBR LOG;CI;RBRL11;IFIX
FII RBR MULT;CI;RBRX11;IFIL,IFIX
FII RBR PCRI;CI;RBRY11;IFIL,IFIX
FII RBR PROP;CI;RBRP11;IFIL,IFIX
FII RBRALPHA;CI;RBRF11;IFIL,IFIX
FII RBRHGRAD;CI;RBRR11;IFIL,IFIX
FII REC RECE;CI;RECR11;IFIL,IFIX
FII REC REND;CI;RECT11;IFIX
FII RIOB FF;CI;RBFF11;IFIX
FII RIOB RC;CI;RCRB11;IFIX
FII RIOB VA;CI;RBVA11;IFIL,IFIX
FII RIZA AKN;CI;RZAK11;IFIL,IFIX
FII RIZA TX;CI;RZTR11;IFIL,IFIX
FII SANT REN;CI;SARE11;IFIL,IFIX
FII SDI LOG;CI;TRBL11;IFIX
FII SPX SYN;CI;SPXS11;IFIL,IFIX
FII SUNO CRI;CI;SNCI11;IFIX
FII SUNO EL;CI;SNEL11;IFIX
FII SUNOFOFI;CI;SNFF11;IFIX
FII TEL PROP;CI;TEPP11;IFIX
FII TG ATIVO;CI;TGAR11;IFIL,IFIX
FII TIVIO RI;CI;TVRI11;IFIL,IFIX
FII TRX REAL;CI;TRXF11;IFIL,IFIX
FII URCA REN;CI;URPR11;IFIL,IFIX
FII VALOR HE;CI;VGHF11;IFIL,IFIX
FII VALORAIP;CI;VGIP11;IFIL,IFIX
FII VALREIII;CI;VGIR11;IFIL,IFIX
FII VBI CRI;CI;CVBI11;IFIL,IFIX
FII VBI LOG;CI;LVBI11;IFIL,IFIX
FII VBI PRI;CI;PVBI11;IFIL,IFIX
FII VBI REIT;CI;RVBI11;IFIX
FII VECTIS;CI;VCJR11;IFIL,IFIX
FII VERS CRI;CI;VSLH11;IFIX
FII VINCI IU;CI;VIUR11;IFIX
FII VINCI LG;CI;VILG11;IFIL,IFIX
FII VINCI OF;CI;VINO11;IFIL,IFIX
FII VINCI SC;CI;VISC11;IFIL,IFIX
FII WHG REAL;CI;WHGR11;IFIX
FII XP CRED;CI;XPCI11;IFIL,IFIX
FII XP INDL;CI;XPIN11;IFIX
FII XP LOG;CI;XPLG11;IFIL,IFIX
FII XP MALLS;CI;XPML11;IFIL,IFIX
FII XP SELEC;CI;XPSF11;IFIX
FII ZAVIT R;CI;ZAVI11;IFIX
FIRST SOLAR;DRN;FSLR34;BDRX
FLEURY;ON   NM;FLRY3;IBBR,IBEP,IBLV,IBOV,IBRA,IBXX,ICO2,ICON,IDIV,IDVR,IGCT,IGCX,IGNM,ISEE,ITAG,SMLL
FORD MOTORS;DRN;FDMO34;BDRX
FRANCONEVADA;DRN;F2NV34;BDRX
FRAS-LE;ON   N1;FRAS3;IBRA,IGCT,IGCX,SMLL
GAFISA;ON   NM;GFSA3;GPTW,IBRA,ICON,IGCT,IGCX,IGNM,IMOB,INDX,ISEE,ITAG,SMLL
GEAEROSPACE;DRN;GEOO34;BDRX
GENERAL MOT;DRN;GMCO34;BDRX
GER PARANAP;PN;GEPA4;ITAG
GERDAU;ON   N1;GGBR3;IGCX,ITAG
GERDAU;PN   N1;GGBR4;GPTW,IBBR,IBEP,IBOV,IBRA,IBSD,IBXL,IBXX,ICO2,IDIV,IDVR,IGCT,IGCX,IMAT,INDX,ITAG,IVBX,MLCX
GERDAU MET;ON   N1;GOAU3;IGCX,ITAG
GERDAU MET;PN   N1;GOAU4;IBBR,IBEP,IBLV,IBOV,IBRA,IBSD,IBXX,IDIV,IGCT,IGCX,IMAT,INDX,ITAG,IVBX,SMLL
GETNINJAS;ON   NM;NINJ3;IGCX,IGNM,ITAG
GOLDMANSACHS;DRN;GSGI34;BDRX
GPS;ON   NM;GGPS3;IBRA,IBXX,IGCT,IGCX,IGNM,ITAG,SMLL
GRAZZIOTIN;ON;CGRA3;ITAG
GRAZZIOTIN;PN;CGRA4;ITAG
GRENDENE;ON   NM;GRND3;IBRA,ICON,IGCT,IGCX,IGNM,INDX,ISEE,ITAG,SMLL
GRUPO MATEUS;ON   NM;GMAT3;AGFS,IBRA,IBXX,ICON,IDVR,IGCT,IGCX,IGNM,ITAG,MLCX
GRUPO NATURA;ON   NM;NTCO3;IBBR,IBEP,IBHB,IBOV,IBRA,IBXL,IBXX,ICO2,ICON,IGCT,IGCX,IGNM,INDX,ISEE,ITAG,IVBX,MLCX
GRUPO SBF;ON   NM;SBFG3;IBRA,ICON,IGCT,IGCX,IGNM,ITAG,SMLL
GUARARAPES;ON   NM;GUAR3;GPTW,IBRA,ICON,IGCT,IGCX,IGNM,ISEE,ITAG,SMLL
HAPVIDA;ON   NM;HAPV3;IBBR,IBEP,IBHB,IBOV,IBRA,IBXL,IBXX,ICON,IGCT,IGCX,IGNM,ITAG,IVBX,MLCX
HBR REALTY;ON   NM;HBRE3;IGCX,IGNM,ITAG
HELBOR;ON   NM;HBOR3;IGCX,IGNM,ITAG
HIDROVIAS;ON   NM;HBSA3;AGFS,GPTW,IBRA,IDVR,IGCT,IGCX,IGNM,ITAG,SMLL
HOME DEPOT;DRN;HOME34;BDRX
HP COMPANY;DRN;HPQB34;BDRX
HSBC HOLDING;DRN;H1SB34;BDRX
HYPERA;ON   NM;HYPE3;GPTW,IBBR,IBEP,IBOV,IBRA,IBXL,IBXX,ICO2,ICON,IDVR,IGCT,IGCX,IGNM,ISEE,ITAG,IVBX,MLCX
IGUATEMI S.A;UNT  N1;IGTI11;IBBR,IBEP,IBHB,IBLV,IBOV,IBRA,IBXX,ICO2,IDVR,IGCT,IGCX,IMOB,ISEE,ITAG,IVBX,SMLL
IMC S/A;ON   NM;MEAL3;IGCX,IGNM,ITAG
INEPAR;ON;INEP3;ITAG
INEPAR;PN;INEP4;ITAG
INTEL;DRN;ITLC34;BDRX
INTELBRAS;ON   NM;INTB3;GPTW,IBRA,IGCT,IGCX,IGNM,INDX,ITAG,SMLL
INTER CO;DR2;INBR32;IBBR
IOCHP-MAXION;ON   NM;MYPK3;IBRA,ICON,IDVR,IGCT,IGCX,IGNM,INDX,ISEE,ITAG,SMLL
IRANI;ON   NM;RANI3;AGFS,GPTW,IBRA,IDIV,IGCT,IGCX,IGNM,IMAT,INDX,ISEE,ITAG,SMLL
IRBBRASIL RE;ON   NM;IRBR3;IBBR,IBEP,IBHB,IBOV,IBRA,IBXX,IDVR,IFNC,IGCT,IGCX,IGNM,ITAG,SMLL
ISA ENERGIA;ON   N1;ISAE3;IGCX
ISA ENERGIA;PN   N1;ISAE4;IBBR,IBEP,IBLV,IBOV,IBRA,IBSD,IBXX,ICO2,IDIV,IDVR,IEEX,IGCT,IGCX,ISEE,IVBX,MLCX,UTIL
ITAUSA;ON   N1;ITSA3;IGCX
ITAUSA;PN   N1;ITSA4;GPTW,IBBR,IBEP,IBLV,IBOV,IBRA,IBSD,IBXL,IBXX,ICO2,IDIV,IDVR,IGCT,IGCX,ISEE,ITAG,MLCX
ITAUUNIBANCO;ON   N1;ITUB3;IBRA,IDVR,IFNC,IGCT,IGCX,MLCX
ITAUUNIBANCO;PN   N1;ITUB4;GPTW,IBBR,IBEP,IBLV,IBOV,IBRA,IBXL,IBXX,ICO2,IDVR,IFNC,IGCT,IGCX,ISEE,ITAG,MLCX
JALLESMACHAD;ON   NM;JALL3;AGFS,GPTW,IBRA,ICON,IGCT,IGCX,IGNM,ITAG,SMLL
JBS;ON   NM;JBSS3;AGFS,IBBR,IBEP,IBOV,IBRA,IBXL,IBXX,ICO2,ICON,IDIV,IGCT,IGCX,IGNM,INDX,ITAG,IVBX,MLCX
JD COM;DRN;JDCO34;BDRX
JHSF PART;ON   NM;JHSF3;GPTW,IBRA,ICON,IDIV,IGCT,IGCX,IGNM,IMOB,INDX,ITAG,SMLL
JOHNSON;DRN;JNJB34;BDRX
JPMORGAN;DRN;JPMC34;BDRX
JSL;ON   NM;JSLG3;AGFS,IBRA,IGCT,IGCX,IGNM,ISEE,ITAG,SMLL
KEPLER WEBER;ON   NM;KEPL3;AGFS,GPTW,IBRA,IDIV,IDVR,IGCT,IGCX,IGNM,INDX,ITAG,SMLL
KINGSOFT CHL;DRN;K2CG34;BDRX
KLABIN S/A;UNT  N2;KLBN11;AGFS,IBBR,IBEP,IBLV,IBOV,IBRA,IBXL,IBXX,ICO2,IDIV,IDVR,IGCT,IGCX,IMAT,INDX,ISEE,ITAG,IVBX,MLCX
KRAFT HEINZ;DRN;KHCB34;BDRX
LAVVI;ON   NM;LAVV3;IBRA,ICON,IDIV,IDVR,IGCT,IGCX,IGNM,IMOB,ITAG,SMLL
LILLY;DRN;LILY34;BDRX
LLOYDS BANKI;DRN;L1YG34;BDRX
LOCALIZA;ON   NM;RENT3;GPTW,IBBR,IBEP,IBHB,IBOV,IBRA,IBXL,IBXX,ICO2,ICON,IDVR,IGCT,IGCX,IGNM,ITAG,MLCX
LOG COM PROP;ON   NM;LOGG3;IBRA,IGCT,IGCX,IGNM,IMOB,ITAG,SMLL
LOG-IN;ON   NM;LOGN3;IGCX,IGNM,ITAG
LOJAS MARISA;ON   NM;AMAR3;IGCX,IGNM,ITAG
LOJAS RENNER;ON   NM;LREN3;IBBR,IBEP,IBHB,IBOV,IBRA,IBXL,IBXX,ICO2,ICON,IDVR,IGCT,IGCX,IGNM,ISEE,ITAG,IVBX,MLCX
LOPES BRASIL;ON   NM;LPSB3;IGCX,IGNM,ITAG
LUMEN TECH;DRN;L1MN34;BDRX
LUPATECH;ON   NM;LUPA3;IGCX,IGNM,ITAG
LWSA;ON   NM;LWSA3;GPTW,IBBR,IBEP,IBHB,IBOV,IBRA,IBXX,ICO2,IDVR,IGCT,IGCX,IGNM,ITAG,SMLL
M.DIASBRANCO;ON   NM;MDIA3;AGFS,GPTW,IBRA,ICON,IDVR,IGCT,IGCX,IGNM,INDX,ISEE,ITAG,SMLL
MAGAZ LUIZA;ON   NM;MGLU3;GPTW,IBBR,IBEP,IBHB,IBOV,IBRA,IBXL,IBXX,ICO2,ICON,IDVR,IGCT,IGCX,IGNM,ISEE,ITAG,IVBX,SMLL
MARCOPOLO;ON   N2;POMO3;IGCX,ITAG
MARCOPOLO;PN   N2;POMO4;IBRA,IBXX,IDIV,IGCT,IGCX,INDX,ITAG,SMLL
MARFRIG;ON   NM;MRFG3;AGFS,IBBR,IBEP,IBOV,IBRA,IBXX,ICO2,ICON,IGCT,IGCX,IGNM,INDX,ITAG,IVBX,SMLL
MASTERCARD;DRN;MSCD34;BDRX
MATER DEI;ON   NM;MATD3;GPTW,IBRA,ICON,IDVR,IGCT,IGCX,IGNM,ITAG
MCDONALDS;DRN;MCDC34;BDRX
MEDICAL P TR;DRN;M2PW34;BDRX
MELIUZ;ON   NM;CASH3;GPTW,IBRA,IGCT,IGCX,IGNM,ITAG,SMLL
MELNICK;ON   NM;MELK3;IGCX,IGNM,ITAG
MERCADOLIBRE;DRN;MELI34;BDRX
MERCANTIL;ON   N1;BMEB3;IGCX
MERCANTIL;PN   N1;BMEB4;IGCX
MERCK;DRN;MRCK34;BDRX
META PLAT;DRN;M1TA34;BDRX
METAL LEVE;ON   NM;LEVE3;IBRA,ICON,IDIV,IGCT,IGCX,IGNM,INDX,ITAG,SMLL
METALFRIO;ON   NM;FRIO3;ITAG
MICRON TECHN;DRN;MUTC34;BDRX
MICROSOFT;DRN;MSFT34;BDRX
MICROSTRATEG;DRN;M2ST34;BDRX
MILLS;ON   NM;MILS3;IBRA,IDVR,IGCT,IGCX,IGNM,INDX,ITAG,SMLL
MINERVA;ON   NM;BEEF3;AGFS,GPTW,IBBR,IBEP,IBOV,IBRA,IBXX,ICO2,ICON,IGCT,IGCX,IGNM,INDX,ISEE,ITAG,IVBX,SMLL
MITRE REALTY;ON   NM;MTRE3;IBRA,ICON,IDIV,IDVR,IGCT,IGCX,IGNM,IMOB,ISEE,ITAG,SMLL
MOBLY;ON   NM;MBLY3;IGCX,IGNM,ITAG
MODERNA INC;DRN;M1RN34;BDRX
MONSTER BEVE;DRN;M1NS34;BDRX
MORGAN STAN;DRN;MSBR34;BDRX
MOURA DUBEUX;ON   NM;MDNE3;GPTW,IBRA,ICON,IGCT,IGCX,IGNM,IMOB,ITAG,SMLL
MOVIDA;ON   NM;MOVI3;IBRA,IBXX,ICO2,ICON,IGCT,IGCX,IGNM,ISEE,ITAG,SMLL
MRV;ON   NM;MRVE3;IBBR,IBEP,IBHB,IBOV,IBRA,IBXL,IBXX,ICO2,ICON,IDVR,IGCT,IGCX,IGNM,IMOB,INDX,ISEE,ITAG,IVBX,SMLL
MULTILASER;ON   NM;MLAS3;IBRA,IGCT,IGCX,IGNM,INDX,ITAG,SMLL
MULTIPLAN;ON   N2;MULT3;IBBR,IBEP,IBOV,IBRA,IBXL,IBXX,ICO2,IGCT,IGCX,IMOB,ITAG,IVBX,MLCX
NASDAQ INC;DRN;N1DA34;BDRX
NEOENERGIA;ON   NM;NEOE3;IBRA,IDVR,IEEX,IGCT,IGCX,IGNM,ISEE,ITAG,MLCX,UTIL
NEOGRID;ON   NM;NGRD3;IGCX,IGNM,ITAG
NETFLIX;DRN;NFLX34;BDRX
NEW ORIENTAL;DRN;E1DU34;BDRX
NEWMONT GOLD;DRN;N1EM34;BDRX
NEXTERA ENER;DRN;NEXT34;BDRX
NIKE;DRN;NIKE34;BDRX
NOVO NORDISK;DRN;N1VO34;BDRX
NU HOLDINGS;DRN;ROXO34;BDRX,IBBR
NVIDIA CORP;DRN;NVDC34;BDRX
OCCIDENT PTR;DRN;OXYP34;BDRX
OCEANPACT;ON   NM;OPCT3;IBRA,IGCT,IGCX,IGNM,ITAG,SMLL
ODONTOPREV;ON   NM;ODPV3;GPTW,IBRA,ICON,IDVR,IGCT,IGCX,IGNM,ITAG,SMLL
ONCOCLINICAS;ON   NM;ONCO3;IBRA,ICON,IDVR,IGCT,IGCX,IGNM,ITAG,SMLL
ORACLE;DRN;ORCL34;BDRX
ORIZON;ON   NM;ORVR3;IBRA,IGCT,IGCX,IGNM,ITAG,SMLL,UTIL
OUROFINO S/A;ON   NM;OFSA3;IGCX,IGNM,ITAG
P.ACUCAR-CBD;ON   NM;PCAR3;AGFS,IBBR,IBEP,IBHB,IBOV,IBRA,IBXX,ICO2,ICON,IGCT,IGCX,IGNM,ISEE,ITAG,SMLL
PADTEC;ON   NM;PDTC3;IGCX,IGNM,ITAG
PAGSEGURO;DRN;PAGS34;BDRX,IBBR
PAGUE MENOS;ON   NM;PGMN3;IBRA,ICON,IDVR,IGCT,IGCX,IGNM,ITAG,SMLL
PALANTIRTECH;DRN;P2LT34;BDRX
PALOALTO NET;DRN;P2AN34;BDRX
PAYPAL HOLD;DRN;PYPL34;BDRX
PDD HOLDING;DRN;P1DD34;BDRX
PEPSICO INC;DRN;PEPB34;BDRX
PETROBRAS;ON   N2;PETR3;IBBR,IBEE,IBOV,IBRA,IBXL,IBXX,ICO2,IDIV,IDVR,IGCT,IGCX,ITAG,MLCX
PETROBRAS;PN   N2;PETR4;IBBR,IBEE,IBHB,IBOV,IBRA,IBSD,IBXL,IBXX,ICO2,IDIV,IDVR,IGCT,IGCX,ITAG,MLCX
PETRORECSA;ON   NM;RECV3;IBBR,IBEP,IBOV,IBRA,IBXX,IDVR,IGCT,IGCX,IGNM,ITAG,SMLL
PETRORIO;ON   NM;PRIO3;IBBR,IBEP,IBOV,IBRA,IBXL,IBXX,IDVR,IGCT,IGCX,IGNM,ITAG,MLCX
PETTENATI;PN;PTNT4;ITAG
PETZ;ON   NM;PETZ3;IBBR,IBEP,IBOV,IBRA,IBXX,ICO2,ICON,IDVR,IGCT,IGCX,IGNM,ITAG,SMLL
PFIZER;DRN;PFIZ34;BDRX
PG;DRN;PGCO34;BDRX
PINE;ON   N2;PINE3;IGCX,ITAG
PINE;PN   N2;PINE4;IGCX,ITAG
PLANOEPLANO;ON   NM;PLPL3;IBRA,ICON,IDVR,IGCT,IGCX,IGNM,IMOB,INDX,ITAG,SMLL
PORTO SEGURO;ON   NM;PSSA3;IBRA,IBXX,ICO2,IFNC,IGCT,IGCX,IGNM,ISEE,ITAG,MLCX
PORTOBELLO;ON   NM;PTBL3;IBRA,IDVR,IGCT,IGCX,IGNM,ITAG,SMLL
POSITIVO TEC;ON   NM;POSI3;GPTW,IBRA,IDVR,IGCT,IGCX,IGNM,INDX,ITAG,SMLL
PRINER;ON   NM;PRNR3;IGCX,IGNM,ITAG
PROFARMA;ON   NM;PFRM3;IGCX,IGNM,ITAG
PROLOGIS INC;DRN;P1LD34;BDRX
QUALCOMM;DRN;QCOM34;BDRX
QUALICORP;ON   NM;QUAL3;GPTW,IBRA,ICON,IGCT,IGCX,IGNM,ITAG,SMLL
QUERO-QUERO;ON   NM;LJQQ3;IBRA,ICON,IDVR,IGCT,IGCX,IGNM,ITAG,SMLL
RAIADROGASIL;ON   NM;RADL3;GPTW,IBBR,IBEP,IBLV,IBOV,IBRA,IBXL,IBXX,ICO2,ICON,IDVR,IGCT,IGCX,IGNM,ISEE,ITAG,IVBX,MLCX
RAIZEN;PN   N2;RAIZ4;AGFS,IBBR,IBEP,IBOV,IBRA,IBXX,ICO2,IGCT,IGCX,ISEE,ITAG,MLCX
RANDON PART;ON   N1;RAPT3;IGCX
RANDON PART;PN   N1;RAPT4;AGFS,IBRA,IGCT,IGCX,INDX,ITAG,SMLL
REALTY INCOM;DRN;R1IN34;BDRX
RECRUSUL;ON;RCSL3;AGFS,IBRA,SMLL
REDE D OR;ON   NM;RDOR3;GPTW,IBBR,IBEP,IBOV,IBRA,IBXL,IBXX,ICO2,ICON,IGCT,IGCX,IGNM,ISEE,ITAG,IVBX,MLCX
RIO TINTO;DRN;RIOT34;BDRX
RNI;ON   NM;RDNI3;IGCX,IGNM,ITAG
ROBLOX CORP;DRN;R2BL34;BDRX
ROMI;ON   NM;ROMI3;IGCX,IGNM,ITAG,SMLL
RUMO S.A.;ON   NM;RAIL3;AGFS,IBBR,IBEP,IBOV,IBRA,IBXL,IBXX,ICO2,IGCT,IGCX,IGNM,ISEE,ITAG,IVBX,MLCX
SABESP;ON   NM;SBSP3;IBBR,IBEP,IBOV,IBRA,IBXL,IBXX,IDVR,IGCT,IGCX,IGNM,ITAG,IVBX,MLCX,UTIL
SALESFOR INC;DRN;SSFO34;BDRX
SANEPAR;PN   N2;SAPR4;IDIV
SANEPAR;UNT  N2;SAPR11;IBRA,IGCT,IGCX,ISEE,ITAG,SMLL,UTIL
SANTANDER;DRN;BCSA34;BDRX
SANTANDER BR;UNT;SANB11;GPTW,IBBR,IBEP,IBLV,IBOV,IBRA,IBSD,IBXX,ICO2,IDIV,IDVR,IFNC,ISEE,ITAG,MLCX
SANTOS BRP;ON   NM;STBP3;GPTW,IBBR,IBEP,IBOV,IBRA,IBXX,ICO2,IDIV,IGCT,IGCX,IGNM,ISEE,ITAG,SMLL
SAO CARLOS;ON   NM;SCAR3;IGCX,IGNM,ITAG
SAO MARTINHO;ON   NM;SMTO3;AGFS,GPTW,IBBR,IBEP,IBOV,IBRA,IBXX,ICO2,ICON,IDVR,IGCT,IGCX,IGNM,INDX,ITAG,SMLL
SCHWAB;DRN;SCHW34;BDRX
SEA LTD;DRN;S2EA34;BDRX
SER EDUCA;ON   NM;SEER3;IBRA,ICON,IDVR,IGCT,IGCX,IGNM,ITAG,SMLL
SERENA;ON   NM;SRNA3;IBRA,IEEX,IGCT,IGCX,IGNM,ISEE,ITAG,SMLL,UTIL
SERVICENOW;DRN;N1OW34;BDRX
SHOPIFY INC;DRN;S2HO34;BDRX
SIBANYE STIL;DRN;S1BS34;BDRX
SID NACIONAL;ON;CSNA3;IBBR,IBEP,IBHB,IBOV,IBRA,IBSD,IBXL,IBXX,ICO2,IDIV,IMAT,INDX,IVBX,MLCX
SIGMA LITHM;DRN;S2GM34;BDRX
SIMON PROP;DRN;SIMN34;BDRX
SIMPAR;ON   NM;SIMH3;IBRA,IGCT,IGCX,IGNM,ISEE,ITAG,SMLL
SL GREEN REA;DRN;S1LG34;BDRX
SLC AGRICOLA;ON   NM;SLCE3;AGFS,GPTW,IBBR,IBEP,IBLV,IBOV,IBRA,IBXX,ICO2,ICON,IGCT,IGCX,IGNM,ISEE,ITAG,SMLL
SMART FIT;ON   NM;SMFT3;IBRA,IBXX,ICON,IDVR,IGCT,IGCX,IGNM,ITAG,SMLL
SNOWFLAKE;DRN;S2NW34;BDRX
SONY GROUP;DRN;SNEC34;BDRX
SPOTIFY TECH;DRN;S1PO34;BDRX
STAG INDUSTR;DRN;S2TA34;BDRX
STARBUCKS;DRN;SBUB34;BDRX
STONE CO;DR1;STOC31;IBBR
SUN COMMUN;DRN;S2UI34;BDRX
SUZANO S.A.;ON   NM;SUZB3;AGFS,IBBR,IBEP,IBOV,IBRA,IBXL,IBXX,ICO2,IGCT,IGCX,IGNM,IMAT,INDX,ISEE,ITAG,IVBX,MLCX
SYN PROP TEC;ON   NM;SYNE3;IGCX,IGNM,ITAG
TAESA;UNT  N2;TAEE11;GPTW,IBBR,IBEP,IBLV,IBOV,IBRA,IBSD,IBXX,ICO2,IDIV,IEEX,IGCT,IGCX,ITAG,SMLL,UTIL
TAIWANSMFAC;DRN;TSMC34;BDRX
TAKE-TWO INT;DRN;T1TW34;BDRX
TAL EDUCATIO;DRN;T1AL34;BDRX
TAURUS ARMAS;ON   N2;TASA3;IGCX,ITAG
TAURUS ARMAS;PN   N2;TASA4;IBRA,IDIV,IGCT,IGCX,ITAG,SMLL
TC;ON   NM;TRAD3;IGCX,IGNM,ITAG
TECHNOS;ON   NM;TECN3;IGCX,IGNM,ITAG
TECNISA;ON   NM;TCSA3;IGCX,IGNM,ITAG
TEGMA;ON   NM;TGMA3;GPTW,IBRA,IDIV,IGCT,IGCX,IGNM,ITAG,SMLL
TELADOCHEALT;DRN;T2DH34;BDRX
TELEF BRASIL;ON;VIVT3;GPTW,IBBR,IBEP,IBLV,IBOV,IBRA,IBSD,IBXL,IBXX,ICO2,IDIV,ISEE,IVBX,MLCX
TELEFONIC;DRN;TLNC34;BDRX
TENDA;ON   NM;TEND3;IBRA,IBXX,ICON,IDVR,IGCT,IGCX,IGNM,IMOB,INDX,ITAG,SMLL
TERRASANTAPA;ON   NM;LAND3;IGCX,IGNM,ITAG
TESLA INC;DRN;TSLA34;BDRX
TEXAS INC;DRN;TEXA34;BDRX
THERMFISCHER;DRN;TMOS34;BDRX
TIM;ON   NM;TIMS3;GPTW,IBBR,IBEP,IBLV,IBOV,IBRA,IBXL,IBXX,ICO2,IDIV,IDVR,IGCT,IGCX,IGNM,ISEE,ITAG,IVBX,MLCX
TIME FOR FUN;ON   NM;SHOW3;IGCX,IGNM,ITAG
TOTVS;ON   NM;TOTS3;GPTW,IBBR,IBEP,IBOV,IBRA,IBXL,IBXX,ICO2,IDVR,IGCT,IGCX,IGNM,ITAG,IVBX,MLCX
TOYOTAMO;DRN;TMCO34;BDRX
TRACK FIELD;PN   N2;TFCO4;IGCX,ITAG
TRADE DESK;DRN;T2TD34;BDRX
TRANSOCEAN;DRN;RIGG34;BDRX
TRISUL;ON   NM;TRIS3;IBRA,ICON,IGCT,IGCX,IGNM,IMOB,ITAG,SMLL
TRIUNFO PART;ON   NM;TPIS3;IGCX,IGNM,ITAG
TUPY;ON   NM;TUPY3;AGFS,IBRA,IDVR,IGCT,IGCX,IGNM,INDX,ITAG,SMLL
UBER TECH IN;DRN;U1BE34;BDRX
ULTRAPAR;ON   NM;UGPA3;GPTW,IBBR,IBEP,IBHB,IBOV,IBRA,IBXL,IBXX,ICO2,IGCT,IGCX,IGNM,ISEE,ITAG,IVBX,MLCX
UNICASA;ON   NM;UCAS3;IGCX,IGNM,ITAG
UNIFIQUE;ON   NM;FIQE3;IGCX,IGNM,ITAG
UNILEVER;DRN;ULEV34;BDRX
UNIPAR;PNB;UNIP6;IBRA,IDIV,IMAT,INDX,SMLL
UNITED RENTA;DRN;U1RI34;BDRX
UNITEDHEALTH;DRN;UNHH34;BDRX
UNITY SOFTWR;DRN;U2ST34;BDRX
UPSTART HOLD;DRN;U2PS34;BDRX
USIMINAS;ON   N1;USIM3;IBRA,IGCT,IGCX,IMAT,SMLL
USIMINAS;PNA  N1;USIM5;IBBR,IBEP,IBHB,IBOV,IBRA,IBXL,IBXX,ICO2,IDIV,IGCT,IGCX,IMAT,INDX,ISEE,IVBX,SMLL
VALE;ON   NM;VALE3;IBBR,IBEP,IBLV,IBOV,IBRA,IBSD,IBXL,IBXX,IDIV,IDVR,IGCT,IGCX,IGNM,IMAT,ITAG,MLCX
VALID;ON   NM;VLID3;IBRA,IDVR,IGCT,IGCX,IGNM,ITAG,SMLL
VAMOS;ON   NM;VAMO3;AGFS,IBBR,IBEP,IBOV,IBRA,IBXX,ICO2,ICON,IGCT,IGCX,IGNM,ISEE,ITAG,IVBX,SMLL
VERIZON;DRN;VERZ34;BDRX
VESTE;ON   NM;VSTE3;IGCX,IGNM,ITAG
VIBRA;ON   NM;VBBR3;IBBR,IBEP,IBHB,IBOV,IBRA,IBSD,IBXL,IBXX,ICO2,IGCT,IGCX,IGNM,ISEE,ITAG,IVBX,MLCX
VISA INC;DRN;VISA34;BDRX
VITRUEDUCA;ON   NM;VTRU3;IGCX,IGNM
VITTIA;ON   NM;VITT3;IGCX,IGNM,ITAG
VIVARA S.A.;ON   NM;VIVA3;IBBR,IBEP,IBHB,IBOV,IBRA,IBXX,ICON,IGCT,IGCX,IGNM,INDX,ITAG,IVBX,SMLL
VIVEO;ON   NM;VVEO3;IBRA,ICON,IDVR,IGCT,IGCX,IGNM,ITAG,SMLL
VIVER;ON   NM;VIVR3;IGCX,IGNM,ITAG
VODAFONE GRO;DRN;V1OD34;BDRX
VULCABRAS;ON   NM;VULC3;IBRA,ICON,IGCT,IGCX,IGNM,INDX,ITAG,SMLL
WAL MART;DRN;WALM34;BDRX
WALGREENS;DRN;WGBA34;BDRX
WALT DISNEY;DRN;DISB34;BDRX
WARNER DISCO;DRN;W1BD34;BDRX
WDC NETWORKS;ON   NM;LVTC3;IGCX,IGNM,ITAG
WEG;ON   NM;WEGE3;IBBR,IBEP,IBOV,IBRA,IBXL,IBXX,ICO2,IGCT,IGCX,IGNM,INDX,ISEE,ITAG,MLCX
WELLS FARGO;DRN;WFCO34;BDRX
WILSON SONS;ON   NM;PORT3;IBRA,IGCT,IGCX,IGNM,ITAG,SMLL
WIZ CO;ON   NM;WIZC3;GPTW,IBRA,IDIV,IFNC,IGCT,IGCX,IGNM,ITAG,SMLL
XP INC;DR1;XPBR31;IBBR
YDUQS PART;ON   NM;YDUQ3;IBBR,IBEP,IBHB,IBOV,IBRA,IBXX,ICO2,ICON,IDVR,IGCT,IGCX,IGNM,ISEE,ITAG,IVBX,SMLL
ZAMP S.A.;ON;ZAMP3;GPTW,IBRA,ICON,IDVR,ITAG,SMLL
ZOETIS INC;DRN;Z1TS34;BDRX
ZOOM VIDEO;DRN;Z1OM34;BDRX
